{"_runtime":1317.337795416,"learning_rate":6e-05,"iteration":27200,"_timestamp":1.761647852774923e+09,"_step":27200,"train_loss":2.5552372217178343,"dev_loss":2.5110791325569153,"_wandb":{"runtime":1317}}