{"iteration":27200,"_timestamp":1.761650326206456e+09,"_step":27200,"dev_loss":1.567517638206482,"_wandb":{"runtime":2466},"_runtime":2466.521288334,"train_loss":1.200547981262207,"learning_rate":6e-05}