{"_timestamp":1.7616563914951e+09,"_step":26000,"dev_loss":1.5084497183561325,"_wandb":{"runtime":5691},"_runtime":5691.217048458,"train_loss":0.5415118426084519,"learning_rate":6.309444158683489e-05,"iteration":26000}